"learning_rate","target","scale","n","mae","mb","r2","slope","reference_mean","generated_mean","source","training_regime","family","model_key","model_class","model_class_label","training_regime_label"
1e-04,"BF","pixel_new_developed",150166,0.107665775662045,0.00918823598609532,0.313865372301909,0.42386148347315,0.146456193989421,0.155644429975516,"/Volumes/HDD/Models/LALegacyModels/1_BF_UNETBaseline/lr_0p0001_seed_2026/generator_epoch_1000.pth","LALegacy","1","unet_los_angeles_model","1","U-Net baseline","Los Angeles Model"
2e-04,"BF","pixel_new_developed",150166,0.102088727159073,0.00435033430880952,0.346420200236484,0.466205103040024,0.146456193989421,0.15080652829823,"/Volumes/HDD/Models/LALegacyModels/1_BF_UNETBaseline/lr_0p0002_seed_3026/generator_epoch_1000.pth","LALegacy","1","unet_los_angeles_model","1","U-Net baseline","Los Angeles Model"
5e-04,"BF","pixel_new_developed",150166,0.0997314986289255,0.0072748561147887,0.364311702431888,0.512122672860807,0.146456193989421,0.153731050104209,"/Volumes/HDD/Models/LALegacyModels/1_BF_UNETBaseline/lr_0p0005_seed_4026/generator_epoch_1000.pth","LALegacy","1","unet_los_angeles_model","1","U-Net baseline","Los Angeles Model"
0.001,"BF","pixel_new_developed",150166,0.0946229795763745,-0.00653298115877212,0.386356028595641,0.479617110549235,0.146456193989421,0.139923212830648,"/Volumes/HDD/Models/LALegacyModels/1_BF_UNETBaseline/lr_0p001_seed_5026/generator_epoch_1000.pth","LALegacy","1","unet_los_angeles_model","1","U-Net baseline","Los Angeles Model"
1e-04,"BH","pixel_new_developed",150166,2.1896022218169,-0.196227936431904,0.198899045418281,0.219001405621694,3.255019946495,3.05879201006309,"/Volumes/HDD/Models/LALegacyModels/1_BH_UNETBaseline/lr_0p0001_seed_2026/generator_epoch_1000.pth","LALegacy","1","unet_los_angeles_model","1","U-Net baseline","Los Angeles Model"
2e-04,"BH","pixel_new_developed",150166,2.09626065524445,-0.388431049338708,0.224791478023764,0.239663626873689,3.255019946495,2.86658889715629,"/Volumes/HDD/Models/LALegacyModels/1_BH_UNETBaseline/lr_0p0002_seed_3026/generator_epoch_1000.pth","LALegacy","1","unet_los_angeles_model","1","U-Net baseline","Los Angeles Model"
5e-04,"BH","pixel_new_developed",150166,2.03907592986038,-0.294764728334654,0.260607257938426,0.273205812596348,3.255019946495,2.96025521816034,"/Volumes/HDD/Models/LALegacyModels/1_BH_UNETBaseline/lr_0p0005_seed_4026/generator_epoch_1000.pth","LALegacy","1","unet_los_angeles_model","1","U-Net baseline","Los Angeles Model"
0.001,"BH","pixel_new_developed",150166,2.04342684520014,-0.52526148858362,0.252896261096856,0.233432246719701,3.255019946495,2.72975845791137,"/Volumes/HDD/Models/LALegacyModels/1_BH_UNETBaseline/lr_0p001_seed_5026/generator_epoch_1000.pth","LALegacy","1","unet_los_angeles_model","1","U-Net baseline","Los Angeles Model"
1e-04,"BF","window_256",107,0.0245326373412787,0.00694168870833433,0.599332603436219,0.707172721393617,0.1424152860505,0.149356974758834,"/Volumes/HDD/Models/LALegacyModels/1_BF_UNETBaseline/lr_0p0001_seed_2026/generator_epoch_1000.pth","LALegacy","1","unet_los_angeles_model","1","U-Net baseline","Los Angeles Model"
2e-04,"BF","window_256",107,0.02239595381456,0.00146269798278809,0.634921360195713,0.734954248474151,0.1424152860505,0.143877984033288,"/Volumes/HDD/Models/LALegacyModels/1_BF_UNETBaseline/lr_0p0002_seed_3026/generator_epoch_1000.pth","LALegacy","1","unet_los_angeles_model","1","U-Net baseline","Los Angeles Model"
5e-04,"BF","window_256",107,0.0214059784416562,0.00523453030004123,0.701434068083877,0.812882685384454,0.1424152860505,0.147649816350541,"/Volumes/HDD/Models/LALegacyModels/1_BF_UNETBaseline/lr_0p0005_seed_4026/generator_epoch_1000.pth","LALegacy","1","unet_los_angeles_model","1","U-Net baseline","Los Angeles Model"
0.001,"BF","window_256",107,0.0200564095872306,-0.00807220734238068,0.708860417390796,0.777318513344685,0.1424152860505,0.134343078708119,"/Volumes/HDD/Models/LALegacyModels/1_BF_UNETBaseline/lr_0p001_seed_5026/generator_epoch_1000.pth","LALegacy","1","unet_los_angeles_model","1","U-Net baseline","Los Angeles Model"
1e-04,"BH","window_256",107,0.626174673298809,-0.250078768930703,0.453219022529846,0.343210722420299,3.26596323964752,3.01588447071682,"/Volumes/HDD/Models/LALegacyModels/1_BH_UNETBaseline/lr_0p0001_seed_2026/generator_epoch_1000.pth","LALegacy","1","unet_los_angeles_model","1","U-Net baseline","Los Angeles Model"
2e-04,"BH","window_256",107,0.67021864318402,-0.457601244761565,0.390348852920045,0.315072785480904,3.26596323964752,2.80836199488595,"/Volumes/HDD/Models/LALegacyModels/1_BH_UNETBaseline/lr_0p0002_seed_3026/generator_epoch_1000.pth","LALegacy","1","unet_los_angeles_model","1","U-Net baseline","Los Angeles Model"
5e-04,"BH","window_256",107,0.605479798027288,-0.353789999663273,0.502110047295461,0.394455563984696,3.26596323964752,2.91217323998425,"/Volumes/HDD/Models/LALegacyModels/1_BH_UNETBaseline/lr_0p0005_seed_4026/generator_epoch_1000.pth","LALegacy","1","unet_los_angeles_model","1","U-Net baseline","Los Angeles Model"
0.001,"BH","window_256",107,0.69981297989872,-0.581524758138389,0.544529168390934,0.37889420897108,3.26596323964752,2.68443848150913,"/Volumes/HDD/Models/LALegacyModels/1_BH_UNETBaseline/lr_0p001_seed_5026/generator_epoch_1000.pth","LALegacy","1","unet_los_angeles_model","1","U-Net baseline","Los Angeles Model"
1e-04,"BF","pixel_new_developed",150166,0.132450574265699,-0.0373727796846615,0.0726174881159544,0.192734492268264,0.146456193989421,0.109083414304759,"/Volumes/HDD/Models/MSASampleModels/1_BF_UNETBaseline_MSASample/lr_0p0001_seed_2026/generator_epoch_1000.pth","MSASample","1","unet_conus_model","1","U-Net baseline","CONUS Model"
2e-04,"BF","pixel_new_developed",150166,0.132364559736261,-0.02206870434748,0.0791513652726328,0.208128292404272,0.146456193989421,0.124387489641941,"/Volumes/HDD/Models/MSASampleModels/1_BF_UNETBaseline_MSASample/lr_0p0002_seed_3026/generator_epoch_1000.pth","MSASample","1","unet_conus_model","1","U-Net baseline","CONUS Model"
5e-04,"BF","pixel_new_developed",150166,0.134226122156518,-0.0162583270421604,0.078691873379295,0.217286709403054,0.146456193989421,0.13019786694726,"/Volumes/HDD/Models/MSASampleModels/1_BF_UNETBaseline_MSASample/lr_0p0005_seed_4026/generator_epoch_1000.pth","MSASample","1","unet_conus_model","1","U-Net baseline","CONUS Model"
0.001,"BF","pixel_new_developed",150166,0.130278396023961,-0.0190126791381972,0.0873698700668784,0.215940325526004,0.146456193989421,0.127443514851223,"/Volumes/HDD/Models/MSASampleModels/1_BF_UNETBaseline_MSASample/lr_0p001_seed_5026/generator_epoch_1000.pth","MSASample","1","unet_conus_model","1","U-Net baseline","CONUS Model"
1e-04,"BH","pixel_new_developed",150166,3.09645155023945,0.589218845843272,0.0431952923245061,0.158058872790445,3.255019946495,3.84423879233827,"/Volumes/HDD/Models/MSASampleModels/1_BH_UNETBaseline_MSASample/lr_0p0001_seed_2026/generator_epoch_1000.pth","MSASample","1","unet_conus_model","1","U-Net baseline","CONUS Model"
2e-04,"BH","pixel_new_developed",150166,3.2251451333752,0.99863762627455,0.0367128251376425,0.146784907415352,3.255019946495,4.25365757276955,"/Volumes/HDD/Models/MSASampleModels/1_BH_UNETBaseline_MSASample/lr_0p0002_seed_3026/generator_epoch_1000.pth","MSASample","1","unet_conus_model","1","U-Net baseline","CONUS Model"
5e-04,"BH","pixel_new_developed",150166,4.66562744667265,3.210929084329,0.0130492388029742,0.117753547358319,3.255019946495,6.465949030824,"/Volumes/HDD/Models/MSASampleModels/1_BH_UNETBaseline_MSASample/lr_0p0005_seed_4026/generator_epoch_1000.pth","MSASample","1","unet_conus_model","1","U-Net baseline","CONUS Model"
0.001,"BH","pixel_new_developed",150166,3.27672407994747,1.26785379734951,0.0385517942069267,0.144290263541348,3.255019946495,4.5228737438445,"/Volumes/HDD/Models/MSASampleModels/1_BH_UNETBaseline_MSASample/lr_0p001_seed_5026/generator_epoch_1000.pth","MSASample","1","unet_conus_model","1","U-Net baseline","CONUS Model"
1e-04,"BF","window_256",107,0.0463303486548939,-0.0410503586960922,0.421830522384983,0.561653964256966,0.1424152860505,0.101364927354408,"/Volumes/HDD/Models/MSASampleModels/1_BF_UNETBaseline_MSASample/lr_0p0001_seed_2026/generator_epoch_1000.pth","MSASample","1","unet_conus_model","1","U-Net baseline","CONUS Model"
2e-04,"BF","window_256",107,0.0377672030873353,-0.0289576449148601,0.454519114030606,0.627890930300364,0.1424152860505,0.11345764113564,"/Volumes/HDD/Models/MSASampleModels/1_BF_UNETBaseline_MSASample/lr_0p0002_seed_3026/generator_epoch_1000.pth","MSASample","1","unet_conus_model","1","U-Net baseline","CONUS Model"
5e-04,"BF","window_256",107,0.0346123295157243,-0.0212820416063976,0.449066022306422,0.646801187061729,0.1424152860505,0.121133244444103,"/Volumes/HDD/Models/MSASampleModels/1_BF_UNETBaseline_MSASample/lr_0p0005_seed_4026/generator_epoch_1000.pth","MSASample","1","unet_conus_model","1","U-Net baseline","CONUS Model"
0.001,"BF","window_256",107,0.0352786028862139,-0.0253662865382628,0.441075310061105,0.599859748990163,0.1424152860505,0.117048999512237,"/Volumes/HDD/Models/MSASampleModels/1_BF_UNETBaseline_MSASample/lr_0p001_seed_5026/generator_epoch_1000.pth","MSASample","1","unet_conus_model","1","U-Net baseline","CONUS Model"
1e-04,"BH","window_256",107,1.05773943439822,0.383546068846622,0.200340232276203,0.50623457005999,3.26596323964752,3.64950930849414,"/Volumes/HDD/Models/MSASampleModels/1_BH_UNETBaseline_MSASample/lr_0p0001_seed_2026/generator_epoch_1000.pth","MSASample","1","unet_conus_model","1","U-Net baseline","CONUS Model"
2e-04,"BH","window_256",107,1.17679471724501,0.806424560947953,0.182797131323735,0.37283744714121,3.26596323964752,4.07238780059547,"/Volumes/HDD/Models/MSASampleModels/1_BH_UNETBaseline_MSASample/lr_0p0002_seed_3026/generator_epoch_1000.pth","MSASample","1","unet_conus_model","1","U-Net baseline","CONUS Model"
5e-04,"BH","window_256",107,3.2032121709574,3.18722511340525,0.0756629999074596,0.232522808669394,3.26596323964752,6.45318835305276,"/Volumes/HDD/Models/MSASampleModels/1_BH_UNETBaseline_MSASample/lr_0p0005_seed_4026/generator_epoch_1000.pth","MSASample","1","unet_conus_model","1","U-Net baseline","CONUS Model"
0.001,"BH","window_256",107,1.36788979534791,1.09675651955827,0.217402547615264,0.392355600208864,3.26596323964752,4.36271975920579,"/Volumes/HDD/Models/MSASampleModels/1_BH_UNETBaseline_MSASample/lr_0p001_seed_5026/generator_epoch_1000.pth","MSASample","1","unet_conus_model","1","U-Net baseline","CONUS Model"
1e-04,"BF","pixel_new_developed",150166,0.117203174712609,0.00495185392907243,0.238741089989644,0.375254659555639,0.146456193989421,0.151408047918493,"/Volumes/HDD/Models/LALegacyModels/2A_BF_cGANRandomVecFixed/lr_0p0001_seed_2026/generator_epoch_1000.pth","LALegacy","2A","single_latent_los_angeles_model","2A","single-latent cGAN","Los Angeles Model"
2e-04,"BF","pixel_new_developed",150166,0.115063544234292,0.00396239874731949,0.248072382144501,0.382229622952845,0.146456193989421,0.15041859273674,"/Volumes/HDD/Models/LALegacyModels/2A_BF_cGANRandomVecFixed/lr_0p0002_seed_3026/generator_epoch_1000.pth","LALegacy","2A","single_latent_los_angeles_model","2A","single-latent cGAN","Los Angeles Model"
5e-04,"BF","pixel_new_developed",150166,0.115371725585903,0.0104426607856004,0.255832323136749,0.415574749477861,0.146456193989421,0.156898854775021,"/Volumes/HDD/Models/LALegacyModels/2A_BF_cGANRandomVecFixed/lr_0p0005_seed_4026/generator_epoch_1000.pth","LALegacy","2A","single_latent_los_angeles_model","2A","single-latent cGAN","Los Angeles Model"
0.001,"BF","pixel_new_developed",150166,0.110181771629739,0.00555381582350532,0.291518350772657,0.432580218290974,0.146456193989421,0.152010009812926,"/Volumes/HDD/Models/LALegacyModels/2A_BF_cGANRandomVecFixed/lr_0p001_seed_5026/generator_epoch_1000.pth","LALegacy","2A","single_latent_los_angeles_model","2A","single-latent cGAN","Los Angeles Model"
1e-04,"BH","pixel_new_developed",150166,2.2680414932749,-0.227174534745385,0.181041190708108,0.220419445015318,3.255019946495,3.02784541174961,"/Volumes/HDD/Models/LALegacyModels/2A_BH_cGANRandomVecFixed/lr_0p0001_seed_2026/generator_epoch_1000.pth","LALegacy","2A","single_latent_los_angeles_model","2A","single-latent cGAN","Los Angeles Model"
2e-04,"BH","pixel_new_developed",150166,2.26141822890732,-0.142091256258255,0.183386043356745,0.227753179069577,3.255019946495,3.11292869023674,"/Volumes/HDD/Models/LALegacyModels/2A_BH_cGANRandomVecFixed/lr_0p0002_seed_3026/generator_epoch_1000.pth","LALegacy","2A","single_latent_los_angeles_model","2A","single-latent cGAN","Los Angeles Model"
5e-04,"BH","pixel_new_developed",150166,2.21499596572652,-0.112860824598815,0.205504889590982,0.258853744045855,3.255019946495,3.14215912189618,"/Volumes/HDD/Models/LALegacyModels/2A_BH_cGANRandomVecFixed/lr_0p0005_seed_4026/generator_epoch_1000.pth","LALegacy","2A","single_latent_los_angeles_model","2A","single-latent cGAN","Los Angeles Model"
0.001,"BH","pixel_new_developed",150166,2.13082604138199,-0.281605467362009,0.233454187628776,0.266095845256205,3.255019946495,2.97341447913299,"/Volumes/HDD/Models/LALegacyModels/2A_BH_cGANRandomVecFixed/lr_0p001_seed_5026/generator_epoch_1000.pth","LALegacy","2A","single_latent_los_angeles_model","2A","single-latent cGAN","Los Angeles Model"
1e-04,"BF","window_256",107,0.023513687948618,0.000408394436273619,0.615549054227472,0.72486794630043,0.1424152860505,0.142823680486774,"/Volumes/HDD/Models/LALegacyModels/2A_BF_cGANRandomVecFixed/lr_0p0001_seed_2026/generator_epoch_1000.pth","LALegacy","2A","single_latent_los_angeles_model","2A","single-latent cGAN","Los Angeles Model"
2e-04,"BF","window_256",107,0.0234916964110649,0.00115748078814734,0.611206770995656,0.740139075680051,0.1424152860505,0.143572766838648,"/Volumes/HDD/Models/LALegacyModels/2A_BF_cGANRandomVecFixed/lr_0p0002_seed_3026/generator_epoch_1000.pth","LALegacy","2A","single_latent_los_angeles_model","2A","single-latent cGAN","Los Angeles Model"
5e-04,"BF","window_256",107,0.0239300777108591,0.00564250591968265,0.60865454133058,0.738481124513511,0.1424152860505,0.148057791970183,"/Volumes/HDD/Models/LALegacyModels/2A_BF_cGANRandomVecFixed/lr_0p0005_seed_4026/generator_epoch_1000.pth","LALegacy","2A","single_latent_los_angeles_model","2A","single-latent cGAN","Los Angeles Model"
0.001,"BF","window_256",107,0.0225066210482722,0.00188483228193265,0.642143312316304,0.771577031995917,0.1424152860505,0.144300118332433,"/Volumes/HDD/Models/LALegacyModels/2A_BF_cGANRandomVecFixed/lr_0p001_seed_5026/generator_epoch_1000.pth","LALegacy","2A","single_latent_los_angeles_model","2A","single-latent cGAN","Los Angeles Model"
1e-04,"BH","window_256",107,0.59879492933505,-0.333012151940961,0.463163301578105,0.382586814767397,3.26596323964752,2.93295108770656,"/Volumes/HDD/Models/LALegacyModels/2A_BH_cGANRandomVecFixed/lr_0p0001_seed_2026/generator_epoch_1000.pth","LALegacy","2A","single_latent_los_angeles_model","2A","single-latent cGAN","Los Angeles Model"
2e-04,"BH","window_256",107,0.574722288367904,-0.22354326459849,0.565955322221281,0.420830899436236,3.26596323964752,3.04241997504903,"/Volumes/HDD/Models/LALegacyModels/2A_BH_cGANRandomVecFixed/lr_0p0002_seed_3026/generator_epoch_1000.pth","LALegacy","2A","single_latent_los_angeles_model","2A","single-latent cGAN","Los Angeles Model"
5e-04,"BH","window_256",107,0.553513761435714,-0.214745213495237,0.482068102641758,0.398242633871267,3.26596323964752,3.05121802615228,"/Volumes/HDD/Models/LALegacyModels/2A_BH_cGANRandomVecFixed/lr_0p0005_seed_4026/generator_epoch_1000.pth","LALegacy","2A","single_latent_los_angeles_model","2A","single-latent cGAN","Los Angeles Model"
0.001,"BH","window_256",107,0.600060586060319,-0.38397219415023,0.489108820671824,0.427242255629638,3.26596323964752,2.88199104549729,"/Volumes/HDD/Models/LALegacyModels/2A_BH_cGANRandomVecFixed/lr_0p001_seed_5026/generator_epoch_1000.pth","LALegacy","2A","single_latent_los_angeles_model","2A","single-latent cGAN","Los Angeles Model"
1e-04,"BF","pixel_new_developed",150166,0.14269332189856,-0.0181337464988279,0.0522177823377119,0.174391549860795,0.14645619398942,0.128322447490593,"/Volumes/HDD/Models/MSASampleModels/2A_BF_cGANRandomVecFixed_MSASample/lr_0p0001_seed_2026/generator_epoch_1000.pth","MSASample","2A","single_latent_conus_model","2A","single-latent cGAN","CONUS Model"
2e-04,"BF","pixel_new_developed",150166,0.140483069394095,-0.016019744051602,0.0614399825024106,0.187524238600494,0.14645619398942,0.130436449937818,"/Volumes/HDD/Models/MSASampleModels/2A_BF_cGANRandomVecFixed_MSASample/lr_0p0002_seed_3026/generator_epoch_1000.pth","MSASample","2A","single_latent_conus_model","2A","single-latent cGAN","CONUS Model"
5e-04,"BF","pixel_new_developed",150166,0.140437194976703,-0.0128097585450494,0.0657312650487414,0.199937366774429,0.14645619398942,0.133646435444371,"/Volumes/HDD/Models/MSASampleModels/2A_BF_cGANRandomVecFixed_MSASample/lr_0p0005_seed_4026/generator_epoch_1000.pth","MSASample","2A","single_latent_conus_model","2A","single-latent cGAN","CONUS Model"
0.001,"BF","pixel_new_developed",150166,0.140817534115965,-0.0109855747126515,0.0637821258004032,0.192643316641713,0.14645619398942,0.135470619276769,"/Volumes/HDD/Models/MSASampleModels/2A_BF_cGANRandomVecFixed_MSASample/lr_0p001_seed_5026/generator_epoch_1000.pth","MSASample","2A","single_latent_conus_model","2A","single-latent cGAN","CONUS Model"
1e-04,"BH","pixel_new_developed",150166,3.54775914664083,1.30920399334885,0.0193736246030033,0.108017265738211,3.255019946495,4.56422393984384,"/Volumes/HDD/Models/MSASampleModels/2A_BH_cGANRandomVecFixed_MSASample/lr_0p0001_seed_2026/generator_epoch_1000.pth","MSASample","2A","single_latent_conus_model","2A","single-latent cGAN","CONUS Model"
2e-04,"BH","pixel_new_developed",150166,3.53144296828139,1.34420155328613,0.026906664332866,0.134695430682462,3.255019946495,4.59922149978113,"/Volumes/HDD/Models/MSASampleModels/2A_BH_cGANRandomVecFixed_MSASample/lr_0p0002_seed_3026/generator_epoch_1000.pth","MSASample","2A","single_latent_conus_model","2A","single-latent cGAN","CONUS Model"
5e-04,"BH","pixel_new_developed",150166,3.4026881181369,1.17072242800079,0.0327920539093212,0.145644057148255,3.255019946495,4.42574237449578,"/Volumes/HDD/Models/MSASampleModels/2A_BH_cGANRandomVecFixed_MSASample/lr_0p0005_seed_4026/generator_epoch_1000.pth","MSASample","2A","single_latent_conus_model","2A","single-latent cGAN","CONUS Model"
0.001,"BH","pixel_new_developed",150166,3.5832357833415,1.5647426874746,0.0286136716689786,0.138185691625067,3.255019946495,4.8197626339696,"/Volumes/HDD/Models/MSASampleModels/2A_BH_cGANRandomVecFixed_MSASample/lr_0p001_seed_2026/generator_epoch_1000.pth","MSASample","2A","single_latent_conus_model","2A","single-latent cGAN","CONUS Model"
1e-04,"BF","window_256",107,0.0373953043039296,-0.023623262758358,0.39096147438706,0.643681145218675,0.1424152860505,0.118792023292142,"/Volumes/HDD/Models/MSASampleModels/2A_BF_cGANRandomVecFixed_MSASample/lr_0p0001_seed_2026/generator_epoch_1000.pth","MSASample","2A","single_latent_conus_model","2A","single-latent cGAN","CONUS Model"
2e-04,"BF","window_256",107,0.0345562228706674,-0.0215170526024058,0.420941031322769,0.606184648113456,0.1424152860505,0.120898233448094,"/Volumes/HDD/Models/MSASampleModels/2A_BF_cGANRandomVecFixed_MSASample/lr_0p0002_seed_3026/generator_epoch_1000.pth","MSASample","2A","single_latent_conus_model","2A","single-latent cGAN","CONUS Model"
5e-04,"BF","window_256",107,0.0355652331017723,-0.0185045720922334,0.397442561896495,0.628657192198374,0.1424152860505,0.123910713958267,"/Volumes/HDD/Models/MSASampleModels/2A_BF_cGANRandomVecFixed_MSASample/lr_0p0005_seed_4026/generator_epoch_1000.pth","MSASample","2A","single_latent_conus_model","2A","single-latent cGAN","CONUS Model"
0.001,"BF","window_256",107,0.0327272643378683,-0.0167876844268257,0.377395175369308,0.530984258126173,0.1424152860505,0.125627601623674,"/Volumes/HDD/Models/MSASampleModels/2A_BF_cGANRandomVecFixed_MSASample/lr_0p001_seed_5026/generator_epoch_1000.pth","MSASample","2A","single_latent_conus_model","2A","single-latent cGAN","CONUS Model"
1e-04,"BH","window_256",107,1.4511298058189,1.05878909893125,0.118661493198737,0.338127553938501,3.26596323964752,4.32475233857877,"/Volumes/HDD/Models/MSASampleModels/2A_BH_cGANRandomVecFixed_MSASample/lr_0p0001_seed_2026/generator_epoch_1000.pth","MSASample","2A","single_latent_conus_model","2A","single-latent cGAN","CONUS Model"
2e-04,"BH","window_256",107,1.36963935683821,1.08976599908321,0.20855272936499,0.453792111071054,3.26596323964752,4.35572923873073,"/Volumes/HDD/Models/MSASampleModels/2A_BH_cGANRandomVecFixed_MSASample/lr_0p0002_seed_3026/generator_epoch_1000.pth","MSASample","2A","single_latent_conus_model","2A","single-latent cGAN","CONUS Model"
5e-04,"BH","window_256",107,1.29817090468986,0.877252021125544,0.171184747266911,0.417040765174037,3.26596323964752,4.14321526077306,"/Volumes/HDD/Models/MSASampleModels/2A_BH_cGANRandomVecFixed_MSASample/lr_0p0005_seed_4026/generator_epoch_1000.pth","MSASample","2A","single_latent_conus_model","2A","single-latent cGAN","CONUS Model"
0.001,"BH","window_256",107,1.62236610806991,1.36450514448023,0.0597324260563447,0.203912474128247,3.26596323964752,4.63046838412775,"/Volumes/HDD/Models/MSASampleModels/2A_BH_cGANRandomVecFixed_MSASample/lr_0p001_seed_2026/generator_epoch_1000.pth","MSASample","2A","single_latent_conus_model","2A","single-latent cGAN","CONUS Model"
